collection,category,purpose,source
not_crop,soil,training_outlier_exposure,field_background_negative
not_crop,sky,training_outlier_exposure,field_horizon_negative
not_crop,hands,training_outlier_exposure,farmer_handling_negative
not_crop,feet_shoes,training_outlier_exposure,walking_scout_negative
not_crop,pavement,training_outlier_exposure,pathway_negative
not_crop,walls,training_outlier_exposure,storage_shed_negative
not_crop,blurred_frames,training_outlier_exposure,motion_blur_negative
not_crop,random_objects,training_outlier_exposure,generic_outlier_exposure
openset,broadleaf_weeds,energy_calibration_ood,unseen_weed_species
openset,plastic_mulch,energy_calibration_ood,unseen_mulch_material
openset,irrigation_pipe,energy_calibration_ood,unseen_drip_equipment
openset,farm_machinery,energy_calibration_ood,unseen_tractor_equipment
openset,brick,energy_calibration_ood,unseen_masonry_structure
openset,straw_mulch,energy_calibration_ood,unseen_organic_cover
openset,dtd_textures,energy_calibration_ood,unseen_generic_texture
